_key,_iOSkey,_说明,_起始版本,_Android点位,_iOS点位,_服务端打点,_degree,_page,_spmc,_spmd,_autosend,isbk,ctrl,title,pos,item_type,item_id,ju_id,pager,action,pager_pos,url,seller_id,shop_id,brand_name,keyword,type,order_id,box_id,box_name,sort,object_id,object_name,object_type,sort_type,sort_name,brand_id,message_id,message_type_id,message,total,time,version,tag,code,status,error,brand_pos,sub_pos,feed_id,feed_type,account_id,account_type,scm
BTN,BTN,通用按钮,4.4,,,有,,{.*},Button,d[title],1,{.*},通用按钮点击-不跳转,{(.*)?},{(.*)?},{(.*)?},{(.*)?},{(.*)?},{(.*)?},{(.*)?},{(.*)?},{(.*)?},{(.*)?},{(.*)?},{(.*)?},{(.*)?},{(.*)?},{(.*)?},{(.*)?},{(.*)?},{(.*)?},{(.*)?},{(.*)?},{(.*)?},{(.*)?},{(.*)?},{(.*)?},{(.*)?},{(.*)?},{(.*)?},{(.*)?},{(.*)?},{(.*)?},{(.*)?},{(.*)?},{(.*)?},{(.*)?},,,,,,,
BTN_JUMP,BTN_JUMP,通用按钮－跳转,4.4,,,有,,{.*},Button-Jump,d[title],,{.*},通用按钮点击-发生跳转,{(.*)?},{(.*)?},{(.*)?},{(.*)?},{(.*)?},{(.*)?},{(.*)?},{(.*)?},{(.*)?},{(.*)?},{(.*)?},{(.*)?},{(.*)?},{(.*)?},{(.*)?},{(.*)?},{(.*)?},{(.*)?},{(.*)?},{(.*)?},{(.*)?},{(.*)?},{(.*)?},{(.*)?},{(.*)?},{(.*)?},{(.*)?},{(.*)?},{(.*)?},{(.*)?},{(.*)?},{(.*)?},{(.*)?},{(.*)?},,,,,,,
TABBAR,TABBAR,Tabbar,,,iOS 底部Tabbar,有,1,JuMain,Tabbar,d[_trackId],,,[_trackName],,,,,,,{(doubleClick)?},,{.*},,,,,,,,,,,,,,,,,,,,,,{(.*)?},,,,,,,,,,
FLOAT_VIEW,FLOAT_VIEW,浮层,,,,有,,JuJRT,Float,d[title],,,浮层,{small|big|target},,,,,,{(close)?},,{.*},,,,,,,,,,,,,,,,,,,,,,,,,,,,,,,,{(.*)?}
FLOAT_VIEW_LOAD,FLOAT_VIEW_LOAD,浮层曝光,,,,有,,JuJRT,Float-Load,d[title],1,,浮层-加载,{small|big|target|luaview},,,,,,,,{.*},,,,,,,,,,,,,,,,,,,,,,,,,,,,,,,,
FLOAT_VIEW_NOT_JUMP,FLOAT_VIEW_NOT_JUMP,非跳转浮层,,,,,,JuJRT,StaticFloat,d[title],1,,非跳转浮层,toTop,,,,,,,,,,,,,,,,,,,,,,,,,,,,,,,,,,,,,,,,
,BACK,左上角返回,,,iOS 左上角返回,,,{.*},Back,,,1,Back,,,,,,,,,,,,,,,,,,,,,,,,,,,,,,,,,,,,,,,,,
BOXSYS,BOXSYS,今日团运营位,,,iOS Boxsys组件,有,1,{.*},Boxsys,d[box_id],,,BOXSYS_[type],,,,,,,,,{.*},,,,,{.*},,{.*},{.*},,,,,,,,,,,,{(.*)?},,{(.*)?},,,,,,,,,,
,REFRESH,列表刷新,,,iOS 刷新组件,,,{.*},List-Refresh,d[pager_pos],1,,刷新,{.*},,,,,,refresh,{\d+},,,,,,,,,,,,,,,,,,,,,,,,,,,,,,,,,
,BANNER,今日团轮播Banner,,,iOS Banner组件,有,1,JuJRT,Banner,d[pos],,,Banner_[type],,{\d+},,,,,,,{.*},,,,,{.*},,{(.*)?},{(.*)?},,,,,,,,,,,,,,,,,,,,,,,,
JRT_BTN_BANNER,,今日团轮播Banner,,,,,1,JuJRT,Banner,d[pos],,,Banner_[type],,{\d+},,,,,,,{.*},,,,,{.*},,,,,,,,,,,,,,,,,,,,,,,,,,,
JRT_BTN_TOPBAR_LEFT,JRT_BTN_TOPBAR_LEFT,今日团-左上角菜单,,,,,1,JuJRT,Topbar,dLeft,,,今日团快捷菜单左,扫一扫,,,,,,,,{.*},,,,,,,,,,,,,,,,,,,,,,,,,,,,,,,,
JRT_BTN_TOPBAR_RIGHT,JRT_BTN_TOPBAR_RIGHT,今日团-右上角菜单,,,,,1,JuJRT,Topbar,dRight,,,今日团快捷菜单右,{.*},,,,,,,,,,,,,,,,,,,,,,,,,,,,,,{(.*)?},,,,,,,,,,
JRT_BTN_QUICK,JRT_BTN_QUICK,今日团-下拉菜单,,,,,1,JuJRT,Quick,d1,1,,今日团下拉菜单,,,,,,,{show|hide},,,,,,,,,,,,,,,,,,,,,,,,,,,,,,,,,,
JRT_BTN_QUICK_CATEGORY,JRT_BTN_QUICK_CATEGORY,今日团-快捷类目,,,,有,1,JuJRT,Quick-Category,d[pos],1,,今日团快捷类目,,{\d+},,,,,,,,,,,,,,,,,,,,,,,,,,,,,,,,,,,,,,,
JRT_BTN_QUICK_LINK,JRT_BTN_QUICK_LINK,今日团-快捷链接,,,,有,1,JuJRT,Quick-Link,d[pos],,,今日团快捷链接,,{\d+},,,,,,,{.*},,,,,,,,,,,,,,,,,,,,,,,,,,,,,,,,
JRT_BTN_QUICK_SEARCH,JRT_BTN_QUICK_SEARCH,今日团-快捷搜索,,,,有,1,JuJRT,Quick-Search,d1,,,今日团快捷搜索,,,,,,,,,,,,,,,,,,,,,,,,,,,,,,,,,,,,,,,,,
JRT_TAB,JRT_TAB,今日团类目,,,,,1,JuJRT,Category,d[pos],1,,今日团类目,{.*},{\d+},,,,,{click|scroll},,,,,,,,,,,,,,,,,,,,,,,,,,,,,,,,,,
JRT_BTN_TODAY_NEWS,JRT_BTN_TODAY_NEWS,今日团-今日喜报,,,,有,1,JuJRT,TodayNews,d1,,,今日团-今日喜报,,,,,,,,,{.*},,,,,,,,,,,,,,,,,,,,,,,,,,,,,,,,
JRT_LIST,JRT_LIST,今日团列表点击,,,,有：bucket,1,JuJRT,List,dClick-[pager_pos]-[pos],,,今日团列表,{.*},{\d+},{\d+},{(.*)?},{(.*)?},,,{\d+},{(.*)?},,,,{(.*)?},,,,,,,,,,,{(.*)?},,,,,,,{(.*)?},,,,{(\d+)?},{(\d+)?},,,,,
JRT_LIST_LOAD,JRT_LIST_LOAD,今日团列表加载,,,,有：bucket,1,JuJRT,List-Load,d[pager_pos],1,,今日团列表-加载,{.*},,,,,{.*},,{\d+},,,,,,,,,,,,,,,,,,,,,,,,,,,,,,,,,
JRT_LIST_REFRESH,,列表刷新,,,,,1,JuJRT,List-Refresh,d[pager_pos],1,,今日团列表-刷新,{.*},,,,,,refresh,{\d+},,,,,,,,,,,,,,,,,,,,,,,,,,,,,,,,,
JRT_LIST_GOODS_PREVIEW,,今日团列表商品图片预览,,,,有,,JuJRT,List,dPreview-[pager_pos]-[pos],1,,今日团列表-预览,{.*},{\d+},{\d+},{(.*)?},{(.*)?},,{(toDetail)?},{\d+},,,,,,,,,,,,,,,,,,,,,,,{(.*)?},,,,,,,,,,
JRT_LIST_BRAND,JRT_LIST_BRAND,今日团列表品牌点击,,,,有：bucket,1,JuJRT,List,dClickBrand-[pager_pos]-[pos],,,今日团品牌列表,{.*},{\d+},Brand,,,,,{\d+},,,,{(.*)?},,,,,,,,,,,,{(.*)?},,,,,,,,,,,,,,,,,
JRT_LIST_MORE,JRT_LIST_MORE,今日团列表-明日聚透,,,,,1,JuJRT,List-More,d[pager_pos],,,今日团列表-更多,{.*},,,,,,{toJuTou|ClickToLoad},{\d+},,,,,,,,,,,,,,,,,,,,,,,,,,,,,,,,,
JRT_LIST_WHEEL_MODE,JRT_LIST_WHEEL_MODE,今日团列表-自动浏览模式,4.4.1,,,,,JuJRT,List-WheelMode,d[pager_pos],1,,今日团列表-自动浏览模式,{.*},,,,,,{click|longClick},{\d+},,,,,,,,,,,,,,,,,,,,,,,{(.*)?},,,,,,,,,,
JRT_LIST_BRAND_MORE,JRT_LIST_BRAND_MORE,今日团列表-点击加载更多品牌,,,_MORE放在最后,有,1,JuJRT,List-MoreBrand,d[pager_pos],1,,今日团品牌列表-更多,{.*},,MoreBrand,,,,LoadMore,{\d+},,,,,,,,,,,,,,,,,,,,,,,,,,,,,,,,,
JRT_LIST_BRAND_LOAD,JRT_LIST_BRAND_LOAD,今日团列表-加载品牌列表,,,_LOAD放在最后,有：bucket,1,JuJRT,List-Load-Brand,d[pager_pos],1,,今日团品牌列表-加载,{.*},,,,,{.*},,{\d+},,,,,,,,,,,,,,,,,,,,,,,,,,,,,,,,,
JRT_BTN_REFRESH,JRT_BTN_REFRESH,今日团刷新,,,,,,JuJRT,Refresh,d1,1,,今日团刷新,,,,,,,{(show|click)?},,,,,,,,,,,,,,,,,,,,,,{(.*)?},,,,,,,,,,,,
JRT_BTN_SHAKE,JRT_BTN_SHAKE,首页摇一摇,,,,,,JuJRT,Shake,d1,,,首页摇一摇,,,,,,,,,{(.*)?},,,,,,,,,,,,,,,,,,,,,,{(.*)?},,,,,,,,,,
JT_BACK,,聚透-返回,,,,,,JuJT,Back,d1,,1,聚透-返回,,,,,,,,,,,,,,,,,,,,,,,,,,,,,,,,,,,,,,,,,
JT_TAB,JT_TAB,聚透类目,,,,,,JuJT,Category,d[pos],1,,聚透类目,{.*},{\d+},,,,,{click|scroll},,,,,,,,,,,,,,,,,,,,,,,,,,,,,,,,,,
JT_BTN_QUICK,JT_BTN_QUICK,聚透下拉菜单,,,,,,JuJT,Quick,d1,1,,聚透快捷菜单,,,,,,,{show|hide},,,,,,,,,,,,,,,,,,,,,,,,,,,,,,,,,,
JT_BTN_QUICK_CATEGORY,JT_BTN_QUICK_CATEGORY,聚透下拉类目选择,,,,,,JuJT,Quick-Category,d[pos],1,,聚透快捷类目,{.*},{\d+},,,,,,,,,,,,,,,,,,,,,,,,,,,,,,,,,,,,,,,
JT_LIST,JT_LIST,聚透商品列表点击,,,,有：bucket,1,JuJT,List,dClick-[pager_pos]-[pos],,,聚透列表,{.*},{\d+},,{(.*)?},{(.*)?},,,{\d+},,,,,,,,,,,,,,,,,,,,,,,,,,,,,,,,,
JT_LIST_BRAND,JT_LIST_BRAND,聚透品牌列表点击,,,,有：bucket,1,JuJT,List,dClickBrand-[pager_pos]-[pos],,,聚透品牌列表,{.*},{\d+},Brand,,,,,{\d+},,,,{.*},,,,,,,,,,,,{.*},,,,,,,,,,,,,,,,,
JT_LIST_LOAD,JT_LIST_LOAD,聚透列表加载,,,,有：bucket,1,JuJT,List-Load,d[pager_pos],1,,聚透列表-加载,{.*},,,,,{.*},,{\d+},,,,,,,,,,,,,,,,,,,,,,,,,,,,,,,,,
JT_LIST_BRAND_LOAD,JT_LIST_BRAND_LOAD,聚透品牌列表曝光,,,_LOAD放在最后,有：bucket,1,JuJT,List-Load-Brand,d[pager_pos],1,,聚透品牌列表-加载,{.*},,Brand,,,{.*},,{\d+},,,,,,,,,,,,,,,,,,,,,,,,,,,,,,,,,
JT_LIST_BRAND_MORE,JT_LIST_BRAND_MORE,聚透品牌列表点击加载更多,,,_MORE放在最后,有,,JuJT,List-MoreBrand,d[pager_pos],1,,聚透品牌列表-更多,{.*},,Brand,,,,LoadMore,{\d+},,,,,,,,,,,,,,,,,,,,,,,,,,,,,,,,,
JT_LIST_LIKE,JT_LIST_LIKE,聚透收藏,,,,有,,JuJT,List,dCollection-[pager_pos]-[pos],1,,聚透列表-收藏,{.*},{\d+},,{.*},,,{like|unlike},{\d+},,,,,,,,,,,,,,,,,,,,,,,,,,,,,,,,,
JT_LIST_REFRESH,,聚透全局下拉刷新,,,,,,JuJT,List-Refresh,d1,1,,聚透列表-刷新,,,,,,,,,,,,,,,,,,,,,,,,,,,,,,,,,,,,,,,,,
JT_LIST_DOUBLECLICK,JT_LIST_DOUBLECLICK,聚透双击收藏,4.5,,,,,JuJT,List-DoubleClick,dDoubleClick-[pager_pos]-[pos],1,,聚透双击收藏,{.*},{\d+},,,{(.*)?},,{like|unlike},{\d+},,,,,,,,,,,,,,,,,,,,,,,,,,,,,,,,,
WD_BTN,WD_BTN,我的页面-通用按钮,,,,有,1,JuWD,Btn,d[title],,,个人中心通用按钮,{.*},,,,,,,,{.*},,,,,,,,,,,,,,,,,,,,,,,,{(hasRedDot)?},,,,,,,,
WD_BTN_TOPBAR_LEFT,WD_BTN_TOPBAR_LEFT,我的页面-返回今日团,,,,,1,JuWD,Topbar,dLeft,1,,个人中心返回,,,,,,,,,,,,,,,,,,,,,,,,,,,,,,,,,,,,,,,,,
WD_BTN_Login,WD_BTN_Login,我的页面-登录,,,,,1,JuWD,Topbar,dLogin,,,个人中心登录,,,,,,,,,,,,,,,,,,,,,,,,,,,,,,,,,,,,,,,,,
SCAN_RESULT_PLAY_VIDEO,SCAN_RESULT_PLAY_VIDEO,VR视频播放,,,,,,JuScan,PlayVideo,d1,1,,播放AR视频,,,,,,,,,{(.*)?},,,,,,,,,,,,,,,,,,,,,,,,,,,,,,,,
SCAN_RESULT_LOGO_DETECT,SCAN_RESULT_LOGO_DETECT,VR LOGO识别,,,,,,JuScan,LogoDetect,d1,,,LOGO识别,,,,,,,,,{(.*)?},,,,,,,,,,,,,,,,,,,,,,{(.*)?},,,,,,,,,,
,,,,,,,,,,d1,,,,,,,,,,,,,,,,,,,,,,,,,,,,,,,,,,,,,,,,,,,,
BLANK_PAGE_LOAD,BLANK_PAGE_LOAD,空白页面-展示,,,,,,{.*},Blank,d1,1,,空白页面-展示,,,,,,,,,,,,,,,,,,,,,,,,,,,,,,,,,,,,,,,,,
BLANK_PAGE_BTN_COMMON,BLANK_PAGE_BTN_COMMON,空白页面-通用按钮,,,,,,{.*},Blank,d[type],1,,空白页面-通用按钮,,,,,,,,,,,,,,{noData|noNet|loading|loadingTimeout},,,,,,,,,,,,,,,,,,,,,,,,,,,
BLANK_PAGE_BTN_SYS_SETTING,,空白页面-系统设置,,安卓特有,,,,{.*},Blank,dSysSetting,1,,空白页面-系统设置,,,,,,,,,,,,,,,,,,,,,,,,,,,,,,,,,,,,,,,,,
UPDATE,UPDATE,应用更新,,,,,,{.*},Update,d1,1,,应用更新,,,,,,,{.*},,,,,,,,,,,,,,,,,,,,,,,,,,,,,,,,,,
BOX_PAGE_BANNER,,Boxsys Banner,,,,有,,{.*},Boxsys,d[box_id],,,BOXSYS_[type],{.*},{\d+},,,,,,,{.*},,,,,{.*},,{.*},{.*},,,,,,,,,,,,,,,,,,,,,,,,
DIALOG,,对话框,,,,,,{.*},Dialog,d1,,,通用对话框,{.*},,,,,,{.*},,,,,,,,,,,,,,,,,,,,,,,,,,,,,,,,,,
LIST,,通用列表,,,,有,,{.*},List,d[pager_pos]-[pos],,,通用列表,{.*},{\d+},{\d+},{(.*)?},{(.*)?},,,{\d+},{(.*)?},,,,,,,,,,,,,,,{(.*)?},,,,,,,,,,,,,,,,,
JMP_LIST,,聚名品列表,,,,,,JuJMP,List,d[pager_pos]-[pos],,,聚名品列表,{.*},{\d+},{\d+},{(.*)?},{(.*)?},,,{\d+},{(.*)?},,,,,,,,,,,,,,,{(.*)?},,,,,,,,,,,,,,,,,
TAG_LIST,,标签列表,,,,,,{.*},List,d[pager_pos]-[pos],,,标签列表,{.*},{\d+},{\d+},{(.*)?},{(.*)?},,,{\d+},{(.*)?},,,,,,,,,,,,,,,{(.*)?},,,,,,,,,,,,,,,,,
JJZ_LIST,,聚家装列表,,,,,,JuJJZ,List,d[pager_pos]-[pos],,,标签列表,{.*},{\d+},{\d+},{(.*)?},{(.*)?},,,{\d+},{(.*)?},,,,,,,,,,,,,,,{(.*)?},,,,,,,,,,,,,,,,,
H5_BACK,,H5页面返回,,,,,,JuH5,Back,d1,,1,H5返回,{.*},,,,,,,,{.*},,,,,,,,,,,,,,,,,,,,,,,,,,,,,,,,
H5_REFRESH,H5_REFRESH,H5页面刷新,,,,,,JuH5,Refresh,d1,1,,H5刷新,{.*},,,,,,,,{.*},,,,,,,,,,,,,,,,,,,,,,,,,,,,,,,,
H5_MENU,,H5页面菜单,,,,,,JuH5,Menu,d1,1,1,H5菜单,{.*},,,,,,,,{.*},,,,,{(.*)?},,,,,,,,,,,,,,,,,,,,,,,,,,,
H5_CLOSE,,H5页面关闭,,,,,,JuH5,Close,d1,,1,H5关闭,{.*},,,,,,,,{.*},,,,,,,,,,,,,,,,,,,,,,,,,,,,,,,,
H5_SHARE,H5_SHARE,H5页面分享,,,,,,JuH5,Share,d1,1,,H5分享,{.*},,,,,,,,{.*},,,,,,,,,,,,,,,,,,,,,,,,,,,,,,,,
SEARCH_BACK,,搜索返回,,,,,,JuSearch,Back,d1,,1,搜索-返回,,,,,,,,,,,,,,,,,,,,,,,,,,,,,,,,,,,,,,,,,
SEARCH_BTN_SEARCH,SEARCH_BTN_SEARCH,搜索点击,,,,,,JuSearch,Search,d1,1,,搜索-确定,,,,,,,,,,,,,,,,,,,,,,,,,,,,,,,,,,,,,,,,,
,SEARCH_BTN_SEARCH_CANCEL,搜索取消,,,iOS特有,,,JuSearch,SearchCancel,d1,1,,搜索-取消,,,,,,,,,,,,,,,,,,,,,,,,,,,,,,,,,,,,,,,,,
SEARCH_BTN_CLEAR,,搜索清空,,安卓特有,没有系统回调,,,JuSearch,Clear,d1,1,,搜索-清空,,,,,,,,,,,,,,,,,,,,,,,,,,,,,,,,,,,,,,,,,
SEARCH_LIST,SEARCH_LIST,搜索列表点击,,,,有,,JuSearch,List,dClick-[pager_pos]-[pos],,,搜索列表,{.*},{\d+},Item,{(.*)?},{(.*)?},,,1,{(.*)?},,,,,,,,,,,,,,,{(.*)?},,,,,,,,,,,,,,,,,
SEARCH_LIST_LOAD,SEARCH_LIST_LOAD,搜索列表加载,,,,有,,JuSearch,List-Load,d1,1,,搜索列表-加载,{.*},,,,,{.*},,,,,,,,,,,,,,,,,,,,,,,,,,,,,,,,,,,
SEARCH_LIST_SORT,SEARCH_LIST_SORT,搜索排序,,,,,,JuSearch,List-Btn,d[title],1,,搜索排序,{.*},,,,,,,,,,,,,,,,,{(.*)?},,,,{(.*)?},,,,,,,,,,,,,,,,,,,
SEARCHHISTORY_CLEAR,SEARCHHISTORY_CLEAR,搜索历史,,,,,,JuSearch,HistoryClear,d1,1,,搜索历史-清空,,,,,,,,,,,,,,,,,,,,,,,,,,,,,,,,,,,,,,,,,
SEARCHHISTORY_PLUS,SEARCHHISTORY_PLUS,搜索历史新增,,,,,,JuSearch,HistoryAdd,d[pos],1,,搜索历史-新增,,{\d+},,,,,,,,,,,,,,,,,,,,,,,,,,,,,,,,,,,,,,,
SEARCHHISTORY_LIST,SEARCHHISTORY_LIST,搜索历史点击,,,,,,JuSearch,History,dClick-[pos],1,,搜索历史,,{\d+},,,,,,,,,,,,,,,,,,,,,,,,,,,,,,,,,,,,,,,
PUSHSETUP_BACK,,推送设置-返回,,安卓特有,,,,JuSettingPushSetup,Back,d1,,1,推送设置-返回,,,,,,,,,,,,,,,,,,,,,,,,,,,,,,,,,,,,,,,,,
PUSHSETUP_SWITCH,,推送设置-开关,,安卓特有,,,,JuSettingPushSetup,Switch,d[action],1,,推送设置-开关,,,,,,,{on|off},,,,,,,,,,,,,,,,,,,,,,,,,,,,,,,,,,
PUSHSETUP_TIME,,推送设置-时间,,安卓特有,,,,JuSettingPushSetup,Time,d1,1,,推送设置-时间,,,,,,,,,,,,,,,,,,,,,,,,,,,,,,,,,,,,,,,,,
GUIDE_CLOSE,,新手引导-关闭,,安卓特有,,,,JuSettingGuide,Close,d[pos],,1,新手引导-返回,,{\d+},,,,,,,,,,,,,,,,,,,,,,,,,,,,,,,,,,,,,,,
GUIDE_OK,GUIDE_OK,新手引导-确定,,,,,,JuSettingGuide,OK,d[pos],,,新手引导-确定,,{\d+},,,,,,,,,,,,,,,,,,,,,,,,,,,,,,,,,,,,,,,
GUIDE_SCROLL,GUIDE_SCROLL,新手引导-滑动,,,,,,JuSettingGuide,Scroll,d[pos],,,新手引导-滑动,,,,,,,,,,,,,,,,,,,,,,,,,,,,,,,,,,,,,,,,,
GUIDE_LABEL,GUIDE_LABEL,引导-标签,,,,,,JuSettingGuide,Label,d1,1,,引导-标签,{.*},,,,,,,,,,,,,,,,,,,,,,,,,,,,,,,,,,,,,,,,
GUIDE_SKIP,GUIDE_SKIP,引导-跳过,,,,,,JuSettingGuide,Skip,d1,1,,引导-跳过,,,,,,,,,,,,,,,,,,,,,,,,,,,,,,,,,,,,,,,,,
JSC_BACK,,聚收藏-返回,,,,,,JuCollection,Back,d1,,1,聚收藏-返回,,,,,,,,,,,,,,,,,,,,,,,,,,,,,,,,,,,,,,,,,
JSC_TAB,JSC_TAB,聚收藏-Tab,,,,,,JuCollection,Tab,d[pager_pos],1,,聚收藏-Tab,{.*},,,,,,{click|scroll},{\d+},,,,,,,,,,,,,,,,,,,,,,,,,,,,,,,,,
JSC_TAB_CLOSE,,聚收藏-Tab关闭,,安卓特有,,,,JuCollection,Tab,dClose,1,,聚收藏-Tab关闭,,,,,,,,,,,,,,,,,,,,,,,,,,,,,,,,,,,,,,,,,
JSC_LIST,JSC_LIST,聚收藏列表-点击,,,,有,,JuCollection,List,dClick-[pager_pos]-[pos],,,聚收藏列表-点击,{.*},{\d+},,{(.*)?},{(.*)?},,,{\d+},,,,,,,,,,,,,,,,,,,,,,,,,,,,,,,,,
JSC_LIST_LOAD,JSC_LIST_LOAD,聚收藏列表-加载,,,,有,,JuCollection,List-Load,d[pager_pos],1,,聚收藏列表-加载,{.*},,,,,{.*},,{\d+},,,,,,,,,,,,,,,,,,,,,,,,,,,,,,,,,
JSC_LIST_REFRESH,,聚收藏列表-刷新,,,,,,JuCollection,List-Refresh,d[pager_pos],1,,聚收藏列表-刷新,{.*},,,,,,refresh,{\d+},,,,,,,,,,,,,,,,,,,,,,,,,,,,,,,,,
,JSC_EDIT,聚收藏-编辑,,,iOS特有,,,JuCollection,Topbar,dRight,1,,聚收藏编辑,{.*},,,,,,,{\d+},,,,,,,,,,,,,,,,,,,,,,,,,,,,,,,,,
SELLERGOODS_BACK,,同店推荐-返回,,,,,,JuDetailShopRecommend,Back,d1,,1,同店推荐-返回,,,,{(.*)?},{(.*)?},,,,,,,,,,,,,,,,,,,,,,,,,,,,,,,,,,,,
SELLERGOODS_LIST,SELLERGOODS_LIST,同店推荐-点击,,,,有,2,JuDetailShopRecommend,List,dClick-[pager_pos]-[pos],,,同店推荐-点击,,{\d+},,{(.*)?},{(.*)?},,,{\d+},,,,,,,,,,,,,,,,,,,,,,,,,,,,,,,,,
SELLERGOODS_LIST_LOAD,SELLERGOODS_LIST_LOAD,同店推荐-加载,,,,有,2,JuDetailShopRecommend,List-Load,d[pager_pos],1,,同店推荐-加载,{.*},,,,,{.*},,{\d+},,,,,,,,,,,,,,,,,,,,,,,,,,,,,,,,,
SELLERGOODS_LIST_REFRESH,,同店推荐-刷新,,,,,,JuDetailShopRecommend,List-Refresh,d[pager_pos],1,,同店推荐-刷新,{.*},,,,,,refresh,{\d+},,,,,,,,,,,,,,,,,,,,,,,,,,,,,,,,,
TAO_PASSWORD_CANCEL,TAO_PASSWORD_CANCEL,淘口令-取消,,,,,,{.*},TaoPassword,dCancel,1,,淘口令-取消,,,,,,,,,,,,,,,,,,,,,,,,,,,,,,,,,,,,,,,,,
TAO_PASSWORD_OK,TAO_PASSWORD_OK,淘口令-确定,,,,,,{.*},TaoPassword,dOk,,,淘口令-确定,,,,,,,,,,,,,,,,,,,,,,,,,,,,,,,,,,,,,,,,,
GUIDE_TIPS_LOAD,GUIDE_TIPS_LOAD,导购tips加载,4.5,,,,,JuJRT,GuideTips,d1,1,,导购tips加载,{.*},,,,,,,,,,,,,{.*},,,,,,,,,,,,,,,,,,,,,,,,,,,
GUIDE_TIPS_CLICK,GUIDE_TIPS_CLICK,导购tips点击,4.5,,,,,JuJRT,GuideTips,d[type],,,导购tips点击,{.*},,,,,,,,{.*},,,,,{.*},,,,,,,,,,,,,,,,,,,,,,,,,,,
PAGE_TIPS_LOAD,PAGE_TIPS_LOAD,页面顶栏通告加载,4.5.1,,,,,JuJRT,PageTips,d1,1,,页面顶栏通告加载,{.*},,,,,,,,,,,,,,,,,,,,,,,,,,,,,,,,,,,,,,,,
PAGE_TIPS_CLICK,PAGE_TIPS_CLICK,页面顶栏通告点击,4.5.1,,,,,JuJRT,PageTips,d1,,,页面顶栏通告点击,{.*},,,,,,,,{.*},,,,,,,,,,,,,,,,,,,,,,,,,,,,,,,,
VOICE_BTN,VOICE_BTN,语音识别点位,4.6.1,,,,,JuVoice,voice,d[status],,,语音识别,{(.*)?},,,,,,,,{(.*)?},,,,,,,,,,,,,,,,,,,,,,{(.*)?},,{.*},,,,,,,,
LIVE_BUTTON_LIKE,LIVE_BUTTON_LIKE,视频直播喜欢按钮,4.7.2,,,,,JuLiveVideo,Like,d1,1,,视频直播-喜欢,,,,,,,,,,,,,,,,,,,,,,,,,,,,,,,,,,,,,{(.*)?},{(.*)?},{(.*)?},,
LIVE_BUTTON_SEND,LIVE_BUTTON_SEND,视频直播发送评论按钮,4.7.2,,,,,JuLiveVideo,Send,d1,1,,视频直播-发送评论,,,,,,,,,,,,,,,,,,,,,,,,,,,,,,,,,,,,,{(.*)?},{(.*)?},{(.*)?},,
LIVE_BUTTON_GOODS,LIVE_BUTTON_GOODS,视频直播宝贝按钮,4.7.2,,,,,JuLiveVideo,Goods,d1,1,,视频直播-宝贝,,,,,,,,,,,,,,,,,,,,,,,,,,,,,,,,,,,,,{(.*)?},{(.*)?},{(.*)?},{(.*)?},
LIVE_BUTTON_ADD_CART,LIVE_BUTTON_ADD_CART,视频直播加购物车按钮,4.7.2,,,,,JuLiveVideo,Cart,d1,1,,视频直播-加购物车,,,,{(.*)?},,,,,,,,,,,,,,,,,,,,,,,,,,,,,,,,,{(.*)?},{(.*)?},{(.*)?},,
LIVE_BUTTON_DEFINITION,LIVE_BUTTON_DEFINITION,视频直播画质按钮,4.7.2,,,,,JuLiveVideo,Definition,d1,1,,视频直播-画质,{.*},,,,,,,,,,,,,,,,,,,,,,,,,,,,,,,,,,,,,,,,
LIVE_BUTTON_CLOSE,LIVE_BUTTON_CLOSE,视频直播关闭按钮,4.7.2,,,,,JuLiveVideo,Close,d1,,,视频直播-关闭,,,,,,,,,,,,,,,,,,,,,,,,,,,,,,,,,,,,,,,,,
LIVE_GESTURE_SLIDE,LIVE_GESTURE_SLIDE,视频直播加左右滑动手势,4.7.2,,,,,JuLiveVideo,Slide,d1,1,,视频直播-左右滑,{.*},,,,,,,,,,,,,,,,,,,,,,,,,,,,,,,,,,,,,,,,
LIVE_BUTTON_REPLAY,,视频直播重播按钮,4.7.2,,,,,JuLiveVideo,Replay,d1,1,,视频直播-重播,,,,,,,,,,,,,,,,,,,,,,,,,,,,,,,,,,,,,{(.*)?},{(.*)?},{(.*)?},{(.*)?},
LIVE_BUTTON_PLAY_PAUSE,,视频直播播放暂停按钮,4.7.2,,,,,JuLiveVideo,PlayPause,d1,1,,视频直播-播放暂停,,,,,,,,,,,,,,,,,,,,,,,,,,,,,,,,,,,,,{(.*)?},{(.*)?},{(.*)?},{(.*)?},
LIVE_SEEKBAR,,视频直播进度条拖动,4.7.2,,,,,JuLiveVideo,Seek,d1,1,,视频直播-进度条,,,,,,,,,,,,,,,,,,,,,,,,,,,,,,,,,,,,,{(.*)?},{(.*)?},{(.*)?},{(.*)?},
VIDEO_FULL_SCREEN,VIDEO_FULL_SCREEN,视频录播全屏按钮,4.8.0,,,,,JuVideoPlayer,full,d1,1,,视频-打开全屏,,,,,,,,,,,,,,,,,,,,,,,,,,,,,,,,,,,,,,,,,
VIDEO_FIRST_PLAY,VIDEO_FIRST_PLAY,视频首次播放按钮,4.8.0,,,,,JuVideoPlayer,play,d1,1,,视频-首次播放,,,,,,,,,{.*},,,,,,,,,,,,,,,,,,,,,,,,,,,,,,,,
JRT_BANNER_EXPOSE,,banner曝光埋点,6.0.0,,,,{(.*)?},{(.*)?},{(.*)?},{(.*)?},,,,,,,,,,,,,,,,,,,,,,,,,,,,,,,,,,,,,,,,,,,,
